Fecha,Humedad,Temperatura,pH
2021-12-21,75.57,23.35,7
2021-12-22,67.7,20.35,7
2021-12-21,68.93,23.7,6
2021-12-21,62.4,23.22,7
2021-12-22,71.61,23.86,7
2021-12-21,75.44,23.4,7
2021-12-22,62.92,20.63,6
2021-12-22,65.16,22.1,6
2021-12-20,68.57,22.7,6
2021-12-20,63.13,23,6
2021-12-21,77.5,22.38,7
2021-12-20,63.96,21.05,7
2021-12-22,68,18.75,7
2021-12-21,72.62,21.06,7
2021-12-21,71.73,18.17,6
2021-12-21,73.06,23.55,6
2021-12-20,69.7,22.29,6
2021-12-22,77.09,23.8,7
2021-12-22,69.78,19.69,7
2021-12-21,61.96,22.6,7
2021-12-20,60.44,19.52,7
2021-12-21,70.9,20.82,6
2021-12-21,62.63,19.43,6
2021-12-20,66.43,18.04,7
2021-12-20,79.21,22.95,7
2021-12-20,73.24,22.26,7
2021-12-21,77.31,23.4,7
2021-12-21,65.01,20.01,7
2021-12-21,66.66,22.45,6
2021-12-22,72.03,18.49,6
2021-12-20,68.65,21.12,7
2021-12-22,75.37,23.97,7
2021-12-20,80.37,19.69,7
2021-12-22,69.27,23.42,7
2021-12-22,61.52,21.68,7
2021-12-22,71.96,20.1,6
2021-12-20,67.2,19.02,6
2021-12-21,60.31,20.15,7
2021-12-21,76.8,19.86,7
2021-12-21,63.02,21.79,6
2021-12-21,65.04,19.35,6
2021-12-20,70.59,20.34,6
2021-12-22,68.17,23.49,6
2021-12-21,80.78,21.89,7
2021-12-22,65.38,19.43,6
2021-12-21,67.12,20.14,7
2021-12-21,72.94,23.8,7
2021-12-20,76.38,18.3,7
2021-12-22,67.75,23.53,6
2021-12-21,69.98,20.98,6
2021-12-22,78.03,22.5,7
2021-12-20,75.14,20.96,7
2021-12-21,63.95,18.37,7
2021-12-20,73.06,20.98,6
2021-12-20,67.93,21.34,6
2021-12-21,70.71,18.56,6
2021-12-21,77.33,19.93,6
2021-12-22,74.99,24,7
2021-12-21,79.19,19.61,7
2021-12-22,74.61,18.55,7
2021-12-20,66.08,22.59,7
2021-12-22,76.06,20.59,6
2021-12-22,70.99,22.92,6
2021-12-22,60.92,21.74,7
2021-12-22,73.82,21.83,6
2021-12-21,70.49,23.9,7
2021-12-21,69.97,22.54,6
2021-12-21,71.38,20.5,6
2021-12-21,80.51,20.61,6
2021-12-20,62.93,23.71,6
2021-12-22,64.14,18.92,7
2021-12-21,75.66,20.56,6
2021-12-21,76.07,18.23,6
2021-12-22,69.95,23.21,6
2021-12-22,62.97,20.42,6
2021-12-22,74.59,23.2,7
2021-12-21,72.22,18.41,7
2021-12-21,69.42,23.78,6
2021-12-20,67.17,22.54,7
2021-12-22,76.7,19.26,7
2021-12-21,79.66,20.09,7
2021-12-20,64.67,22.08,6
2021-12-22,73.3,23.69,7
2021-12-22,70.32,21.14,6
2021-12-20,74.95,22.08,7
2021-12-22,64.45,19.81,6
2021-12-21,75.54,21.33,7
2021-12-22,80.14,22.58,6
2021-12-21,69.81,20.65,6
2021-12-22,71.07,21.35,7
2021-12-21,67.59,21.98,7
2021-12-22,70.94,18.38,6
2021-12-22,75.2,18.9,7
2021-12-20,61.01,19.48,6
2021-12-21,72.56,20.8,6
2021-12-21,78.23,21.09,7
2021-12-21,63.54,21.71,7
2021-12-21,68.24,23.15,7
2021-12-22,76.31,21.61,7
2021-12-22,69.22,18.5,7
2021-12-22,75.74,21.62,7
2021-12-22,67.14,23.94,7
2021-12-21,70.68,18.42,6
2021-12-22,67.38,20.53,7
2021-12-21,63.4,18.44,6
2021-12-21,76.18,22.91,7
2021-12-22,67.08,22.59,7
2021-12-22,70.08,22.25,7
2021-12-20,79.78,18.16,7
2021-12-22,65.86,21.35,7
2021-12-21,80.24,19.88,6
2021-12-22,60.92,18.14,7
2021-12-21,79.82,19.9,7
2021-12-22,64.13,20.24,6
2021-12-22,67.77,18.93,7
2021-12-22,61.19,22.28,7
2021-12-22,74.07,22.39,7
2021-12-20,67.02,18.69,6
2021-12-21,68.38,19.75,7
2021-12-22,70.15,20.54,7
2021-12-21,62.3,20.07,6
2021-12-21,80.76,18.68,7
2021-12-21,76.56,18.68,7
2021-12-21,69.13,23.96,7
2021-12-20,79.63,20.22,7
2021-12-20,61.58,23.72,7
2021-12-21,69.43,19.6,7
2021-12-21,66.67,21.85,6
2021-12-22,67.9,19.23,7
2021-12-20,65.08,23.58,7
2021-12-22,74.13,19.18,6
2021-12-22,76.16,19.58,6
2021-12-22,72.88,20.21,6
2021-12-20,63.08,20.02,7
2021-12-22,76.81,21.39,7
2021-12-21,69.63,19.88,6
2021-12-21,60.63,22.07,7
2021-12-21,79,20.29,6
2021-12-22,62.03,19.04,6
2021-12-21,74.4,22.45,6
2021-12-20,62.17,23.74,7
2021-12-22,80.67,23.49,6
2021-12-21,70.23,20.65,7
2021-12-22,72,20.4,7
2021-12-21,67.99,23.13,7
2021-12-21,71.02,23.64,7
2021-12-21,75.06,20.69,7
2021-12-22,70.91,19.26,7
2021-12-22,73.01,20.72,7
2021-12-22,79.92,22.45,6
2021-12-21,66.09,23.17,6
2021-12-21,72.37,23.88,7
2021-12-21,62.33,18.67,7
2021-12-22,73.02,21.72,6
2021-12-21,73.5,21.61,7
2021-12-22,67.87,23.41,7
2021-12-22,71.73,23.67,6
2021-12-22,71.28,23.18,7
2021-12-21,72.13,20.67,7
2021-12-20,70.92,20.18,7
2021-12-21,73.71,23.68,7
2021-12-21,80.37,23.49,7
2021-12-21,60.53,23.96,6
2021-12-22,69.25,23.42,7
2021-12-21,67.11,22.34,7
2021-12-21,64.79,19.78,7
2021-12-20,64.14,20.18,7
2021-12-21,65.97,18.08,6
2021-12-22,71.54,22.29,6
2021-12-20,63.38,19.46,6
2021-12-21,65.48,20.66,7
2021-12-21,65.79,22.49,7
2021-12-20,60.53,19.81,6
2021-12-22,60.51,19.04,7
2021-12-22,61.32,22.57,7
2021-12-20,65.97,23.38,7
2021-12-21,75.25,23.77,7
2021-12-21,60.47,21.79,7
2021-12-22,70.55,20.08,6
2021-12-22,61.93,18.1,6
2021-12-22,67.21,22.89,7
2021-12-21,73.15,21.16,7
2021-12-21,65.57,20.77,6
2021-12-22,70.64,20.78,6
2021-12-21,76.14,21.84,6
2021-12-21,79.23,18.84,6
2021-12-22,62.85,18.25,6
2021-12-22,64.84,22.21,6
2021-12-21,68.2,21.19,7
2021-12-20,70.18,20.51,6
2021-12-21,65.96,21.78,7
2021-12-22,68.4,22.05,7
2021-12-21,60.99,23.19,6
2021-12-21,72.26,23.49,6
2021-12-22,79.41,21.82,6
2021-12-22,79.04,20.76,6
2021-12-21,64.6,18.9,6
2021-12-22,75.93,21.74,6
2021-12-22,60.45,19.37,7
2021-12-20,62.57,22.22,7
2021-12-21,74.45,22.64,7
2021-12-22,78.04,23.93,7
2021-12-21,61.12,21.82,7
2021-12-21,67.65,22.3,7
2021-12-22,72.83,21.51,6
2021-12-21,66.26,23.77,6
2021-12-21,78.2,21.18,6
2021-12-21,70.48,20.9,7
2021-12-20,71.43,20.51,6
2021-12-22,63.62,18.85,6
2021-12-21,70.98,19.16,7
2021-12-22,78.7,18.56,7
2021-12-21,77.96,19.25,7
2021-12-21,64.4,22.99,7
2021-12-21,69.18,19.51,7
2021-12-21,66.34,18.27,7
2021-12-22,64.72,23.01,6
2021-12-20,71.5,23.56,7
2021-12-21,70.62,23.2,7
2021-12-22,79.44,18.99,7
2021-12-22,76.98,21.22,7
2021-12-21,72.17,22.76,6
2021-12-20,80.94,23.27,6
2021-12-21,66.68,23.13,6
2021-12-21,80.77,23.08,6
2021-12-22,73.18,21.83,7
2021-12-22,63.76,22.78,7
2021-12-21,73.78,20.04,7
2021-12-22,69.95,22.5,6
2021-12-21,61.87,21.83,6
2021-12-22,78.73,18.71,7
2021-12-21,80,19.75,7
2021-12-20,67.36,19.27,6
2021-12-22,70.44,20.45,6
2021-12-21,79.83,19.6,7
2021-12-22,72.84,22.01,7
2021-12-20,63.8,21.53,6
2021-12-21,68.87,22.36,6
2021-12-22,62.12,21.56,6
2021-12-22,73.61,23.5,6
2021-12-21,61.66,22.25,7
2021-12-21,70.96,21.9,7
2021-12-21,60.15,21.76,7
2021-12-22,79.65,18.54,7
2021-12-21,65.31,19.98,7
2021-12-22,62.97,21.2,6
2021-12-21,67.69,22.81,7
2021-12-22,62.25,19.21,6
2021-12-22,63.47,23.15,6
2021-12-21,68.78,19.18,7
2021-12-22,63.3,18.12,6
2021-12-21,66.23,19.31,6
2021-12-21,74.15,21.78,6
2021-12-22,68.57,22.68,7
2021-12-22,62.94,21.91,7
2021-12-21,66.1,19.43,6
2021-12-22,67.1,23.32,6
2021-12-21,76.41,20.7,6
2021-12-22,79.26,21.28,7
2021-12-21,68.32,23.83,6
2021-12-22,62,19.14,7
2021-12-21,60.67,22.81,6
2021-12-21,73.69,23.64,7
2021-12-22,63.7,18.19,6
2021-12-21,60.45,23.18,7
2021-12-21,79.49,21.5,7
2021-12-21,67.43,23.77,6
2021-12-21,67.26,23.94,7
2021-12-22,67.51,23.83,7
2021-12-21,74.44,23.77,7
2021-12-21,80.34,23.91,6
2021-12-21,75.23,23.27,7
2021-12-21,73.78,22.74,7
2021-12-22,66.68,22.26,7
2021-12-21,61.34,23.83,6
2021-12-21,66.28,23.99,6
2021-12-21,64.99,22.16,7
2021-12-21,66.85,23.95,6
2021-12-21,70.27,20.74,7
2021-12-22,73.73,21.91,6
2021-12-21,67.54,23.57,7
2021-12-22,60.9,18.13,6
2021-12-20,67.48,23.5,6
2021-12-21,80.45,19.9,6
2021-12-22,64.76,21.17,6
2021-12-21,68.43,21.94,7
2021-12-21,76.71,22.72,7
2021-12-22,62.29,22.16,6
2021-12-21,76.71,19.53,7
2021-12-21,78.57,21.07,7
2021-12-22,61.75,21.04,7
2021-12-21,60.84,18.1,7
2021-12-20,70.54,19.96,6
2021-12-22,61.78,18.39,7
2021-12-21,79.88,22.81,6
2021-12-21,65.69,18.22,7
2021-12-21,68.25,18.38,7
2021-12-22,66.81,18.81,7
2021-12-21,80.1,19.67,6
2021-12-21,66.64,19.21,7
2021-12-22,68.6,20.58,7
2021-12-21,71.57,23.25,7
2021-12-20,69.19,22.44,7
2021-12-22,67.68,19.8,7
2021-12-21,68.18,21.24,6
2021-12-21,64.7,20.12,6
2021-12-21,76.42,20.67,6
2021-12-22,65.52,19.19,6
2021-12-21,72.95,23.71,7
2021-12-21,74.41,20.63,6
2021-12-21,65.43,18.13,6
2021-12-20,70.06,22.06,7
2021-12-21,79.31,20.34,7
2021-12-22,68.08,20.85,7
2021-12-21,67.78,19.34,7
2021-12-21,71.95,20.87,6
2021-12-22,69.71,18.82,7
2021-12-21,77.12,23.36,6
2021-12-22,66.13,21.87,6
2021-12-21,68.99,23.01,7
2021-12-22,60.6,18.57,6
2021-12-22,75.24,23.24,7
2021-12-20,60.04,21.87,6
2021-12-20,66.51,22.72,6
2021-12-22,80.88,23.04,6
2021-12-21,62.03,18.55,7
2021-12-20,78.19,18.79,7
2021-12-21,80.77,22.63,7
2021-12-21,72.51,22.52,7
2021-12-22,67.33,21.36,6
2021-12-21,74.46,18.54,7
2021-12-21,65.76,21.4,7
2021-12-20,72.22,23.57,7
2021-12-21,75.88,18.12,7
2021-12-22,71.85,21.98,7
2021-12-21,77.66,20.75,7
2021-12-21,65.95,19.68,6
2021-12-22,70.28,18.68,7
2021-12-22,80.57,19.08,6
2021-12-21,78.89,21.28,7
2021-12-21,67.81,20.77,6
2021-12-22,71.86,22.61,7
2021-12-21,68.8,21.76,6
2021-12-20,69.03,22.72,7
2021-12-21,67.98,23.66,6
2021-12-21,75.22,22.71,6
2021-12-21,73.95,22.09,6
2021-12-21,77.86,23.46,6
2021-12-22,66.14,19.08,6
2021-12-21,80.12,18.21,7
2021-12-20,65.93,23.82,7
2021-12-21,71.6,24,6
2021-12-21,80.22,22.54,6
2021-12-22,72.4,22.53,7
2021-12-21,80,19.18,7
2021-12-21,68.81,20.95,6
2021-12-21,63.27,23.94,6
2021-12-22,73.97,19.85,7
2021-12-21,78.11,22.65,6
2021-12-21,69.4,19.94,6
2021-12-22,75.94,23.46,6
2021-12-21,74.51,20,7
2021-12-22,78.11,18.53,7
2021-12-22,64.21,23.67,6
2021-12-21,62.23,21.17,6
2021-12-20,70.1,18.41,6
2021-12-21,80.36,22.88,7
2021-12-22,65.52,21.62,7
2021-12-21,72.37,22.14,7
2021-12-21,77.33,21.37,6
2021-12-21,71.19,20.46,7
2021-12-22,79.61,20.17,7
2021-12-21,69,23.16,7
2021-12-22,80.65,19.69,7
2021-12-22,61,23.92,7
2021-12-21,63.66,18.19,7
2021-12-22,73.59,21.02,6
2021-12-22,75.11,23.43,6
2021-12-22,62.51,23.31,7
2021-12-20,60.13,19.9,7
2021-12-21,72.31,22.64,6
2021-12-20,69.86,19.25,6
2021-12-21,66.79,22.61,6
2021-12-21,79.55,22.6,7
2021-12-21,71.71,23.15,7
2021-12-21,68.07,23.59,6
2021-12-21,71.95,19.06,6
2021-12-21,68.44,22.52,6
2021-12-21,64.78,19.7,6
2021-12-21,79.14,18.71,7
2021-12-21,69.58,23.62,7
2021-12-21,65.93,23.01,7
2021-12-22,67.47,21.39,7
2021-12-21,78.71,18.33,6
2021-12-21,66.4,21.58,6
2021-12-21,67.29,21.62,6
2021-12-21,71.13,19.22,6
2021-12-22,63.31,19.94,6
2021-12-21,66.88,23.86,6
2021-12-22,78.22,21.88,6
2021-12-21,70.53,19.85,7
2021-12-21,70.47,21.22,7
2021-12-20,77.08,18.09,7
2021-12-22,78.33,21.96,7
2021-12-21,76.77,21.61,6
2021-12-21,61.46,19.52,6
2021-12-21,69.07,19.26,6
2021-12-21,76.77,21.87,7
2021-12-22,64.18,22.33,7
2021-12-21,65.94,22.6,7
2021-12-21,76.1,23,6
2021-12-21,68.27,20.76,6
2021-12-22,63.01,20.5,6
2021-12-21,60.12,22.54,6
2021-12-21,70.01,22.2,6
2021-12-21,80.11,23.12,7
2021-12-20,62.87,18.5,6
2021-12-20,72.01,19.19,7
2021-12-22,70.24,21.58,6
2021-12-21,80.07,18.21,7
2021-12-20,69.71,19.28,6
2021-12-21,80.97,22.4,6
2021-12-21,69.81,22.05,7
2021-12-21,69.46,19.34,7
2021-12-22,68.32,19.86,6
2021-12-21,68.3,19.96,6
2021-12-20,68.62,20.72,7
2021-12-21,69.58,21.85,7
2021-12-21,62.15,19.73,7
2021-12-20,61.63,22.69,7
2021-12-20,80.03,20.83,6
2021-12-21,78.6,22.28,7
2021-12-20,60.23,19.96,6
2021-12-22,70.48,19.74,6
2021-12-22,75.13,20.96,6
2021-12-22,61.93,22.13,7
2021-12-22,70.46,22.25,7
2021-12-20,72.58,21.94,6
2021-12-22,80.02,22.65,7
2021-12-21,76.54,21.23,7
2021-12-22,62.52,18.88,7
2021-12-22,69.68,23.11,6
2021-12-21,65.12,22.18,6
2021-12-21,79.59,20.72,7
2021-12-21,71.68,19.97,7
2021-12-22,73.86,23.49,7
2021-12-22,79.3,23.71,6
2021-12-21,60.42,23.82,7
2021-12-21,61.62,20.16,7
2021-12-21,68.64,19.39,7
2021-12-21,79.47,21.97,7
2021-12-21,62.76,19.94,7
2021-12-21,78.86,23.46,6
2021-12-20,74.94,19.77,6
2021-12-21,80.09,21.71,6
2021-12-21,69.25,21.57,6
2021-12-21,62.18,20.44,6
2021-12-22,77.15,19.36,6
2021-12-22,71.17,20.62,7
2021-12-22,69.14,18.78,7
2021-12-21,78.94,22.73,7
2021-12-20,70.25,19.8,7
2021-12-20,69.26,18.33,7
2021-12-22,74.07,20.18,7
2021-12-21,73.1,23.8,6
2021-12-22,66.83,20.92,7
2021-12-22,76.54,21.37,6
2021-12-21,72.9,22.88,6
2021-12-22,66.78,23.96,6
2021-12-20,68.38,22.31,7
2021-12-21,61.32,18.05,6
2021-12-21,68.77,21.76,7
2021-12-22,79.1,23.32,6
2021-12-21,64.11,19.64,6
2021-12-22,80.16,22.44,7
2021-12-21,70.21,18.95,6
2021-12-21,64.57,23.95,7
2021-12-22,79.26,20.05,6
2021-12-22,70.16,19.41,7
2021-12-22,69.39,19.06,6
2021-12-21,78.85,19.13,7
2021-12-21,73.5,18.88,7
2021-12-21,68.16,19.81,7
2021-12-22,75.64,22.08,6
2021-12-22,74.42,22.36,7
2021-12-22,71.14,22.83,7
2021-12-22,68,23.22,6
2021-12-22,74.85,21.05,7
2021-12-21,60.06,22.52,7
2021-12-21,69.19,21.12,6
2021-12-22,74.06,19.79,6
2021-12-20,76.57,22.41,7
2021-12-22,67.4,19.14,7
2021-12-21,63.14,23.26,7
2021-12-20,64.06,22.82,7
2021-12-22,69.54,23.48,7
2021-12-22,68.32,19.47,7
2021-12-20,75.64,23.56,6
2021-12-21,79.48,23.14,7
2021-12-20,75.09,23.82,7
2021-12-21,72.61,23.79,7
2021-12-20,69.85,19.79,6
2021-12-22,73.52,18.9,7
2021-12-21,68.07,23.64,6
2021-12-21,69.31,22.49,6
2021-12-22,64.75,20.76,7
2021-12-22,73.82,22.47,7
2021-12-21,70.46,22.42,6
2021-12-21,79.76,18.31,7
2021-12-22,74.46,23.58,7
2021-12-21,74,22.32,7
2021-12-20,79.07,20.05,6
2021-12-20,77.27,22.71,6
2021-12-22,70.31,18.97,7
2021-12-20,78.39,20.82,7
2021-12-20,64.32,22.51,7
2021-12-21,73.34,23.72,7
2021-12-22,62.86,18.75,7
2021-12-22,79.64,22.51,6
2021-12-22,79.79,20.76,6
2021-12-22,65.33,22.61,7
2021-12-21,72.52,20.87,6
2021-12-21,68.59,23.4,7
2021-12-21,66.2,20.27,6
2021-12-22,63.4,21.79,7
2021-12-22,77.6,21.39,6
2021-12-20,68.52,21.27,6
2021-12-21,73.86,20.39,6
2021-12-22,62.43,22.1,7
2021-12-22,63.93,22.57,6
2021-12-21,77.79,18.43,6
2021-12-21,65.3,21.09,7
2021-12-20,62.21,21.43,6
2021-12-22,72.17,20.5,7
2021-12-21,64.29,20.93,7
2021-12-22,77.27,23.27,7
2021-12-21,76.08,20.27,7
2021-12-21,64.2,19.53,6
2021-12-22,66.06,22.07,6
2021-12-20,79.95,21.3,6
2021-12-21,75.81,22.97,7
2021-12-22,68.62,18.68,7
2021-12-22,73.88,21.74,7
2021-12-21,61.66,22.79,7
2021-12-22,71.18,23.14,6
2021-12-21,65.5,19.51,6
2021-12-21,75.23,22.78,6
2021-12-22,60.09,18.71,6
2021-12-21,67.67,22.95,6
2021-12-22,76.99,23.92,6
2021-12-22,69.92,20.54,6
2021-12-22,77.84,22.8,7
2021-12-21,71.61,22.43,6
2021-12-22,60.4,22.43,7
2021-12-21,68.6,20.95,7
2021-12-21,79.8,22.65,7
2021-12-21,68.8,20.29,6
2021-12-21,79.25,23.83,6
2021-12-22,60.16,21.55,6
2021-12-22,65.85,18.88,7
2021-12-21,61.5,20.35,6
2021-12-22,75.05,21,7
2021-12-21,69.27,20.51,7
2021-12-21,78.59,21.25,6
2021-12-22,70.48,19.64,7
2021-12-21,67.52,22.79,6
2021-12-21,63.79,18.32,6
2021-12-21,79.82,19.37,6
2021-12-22,80.2,20.05,7
2021-12-22,74.05,23.53,7
2021-12-20,70.26,23.87,7
2021-12-21,72.67,21.83,7
2021-12-21,69.01,20.99,6
2021-12-21,78.43,18.57,7
2021-12-20,75.15,18.03,7
2021-12-22,61.19,19.62,6
2021-12-21,76.42,18.84,7
2021-12-21,76.8,19.79,6
2021-12-21,63.95,20.38,7
2021-12-22,64.07,23.05,6
2021-12-20,62.88,21.55,6
2021-12-21,65.62,23.4,6
2021-12-22,62.72,22.52,6
2021-12-20,69.7,22.39,6
2021-12-20,60.86,23.38,7
2021-12-22,77.61,20.28,7
2021-12-21,61.4,19.7,6
2021-12-20,63.35,21.35,7
2021-12-22,75.85,21.68,6
2021-12-21,68.54,21.66,7
2021-12-21,69.32,23.02,7
2021-12-22,65.74,19.86,6
2021-12-22,71.1,21.15,7
2021-12-22,61.53,23.09,6
2021-12-21,80.86,22.77,7
2021-12-21,62.17,19.88,7
2021-12-22,63.9,21.64,7
2021-12-22,67.21,20.08,6
2021-12-22,75.46,20.66,7
2021-12-21,70.23,22.31,6
2021-12-21,62.35,23.09,7
2021-12-21,66.18,21.3,6
2021-12-22,75.21,21.47,6
2021-12-21,72.55,18.1,7
2021-12-22,69.96,21.51,6
2021-12-21,69.22,18.63,6
2021-12-21,78.3,20.15,7
2021-12-21,80.88,23.37,6
2021-12-22,62.92,19.89,7
2021-12-21,77.23,23.19,7
2021-12-22,76.28,22.09,6
2021-12-22,66.92,23.66,6
2021-12-21,70.73,22.32,7
2021-12-21,78.77,18.37,6
2021-12-22,72.85,21.4,7
2021-12-21,76.41,19.24,6
2021-12-21,74.78,18.25,6
2021-12-21,64.13,20.03,6
2021-12-21,70.7,19.81,7
2021-12-21,68.8,20.71,7
2021-12-22,70.95,23.65,7
2021-12-21,69.07,18.15,7
2021-12-21,76.16,18.75,6
2021-12-22,61.22,18.12,6
2021-12-21,71.91,23.65,6
2021-12-22,67.95,20.23,6
2021-12-21,64.24,22.45,6
2021-12-21,78.33,20.93,7
2021-12-22,67.8,23.89,7
2021-12-21,69.1,23.02,7
2021-12-22,76.83,19.75,7
2021-12-20,78.21,22.92,6
2021-12-20,70.61,23.93,6
2021-12-21,70.62,19.08,6
2021-12-22,63.67,18.26,7
2021-12-21,68.65,21.46,6
2021-12-22,76.58,20.69,7
2021-12-22,76.42,20.88,7
2021-12-20,69.5,23.27,6
2021-12-21,60.69,23.02,7
2021-12-21,64.8,21.1,7
2021-12-21,65.54,20.79,7
2021-12-21,72.29,22.68,6
2021-12-22,80.69,23.62,7
2021-12-21,67.87,18,7
2021-12-21,60.36,22.75,7
2021-12-22,62.03,20.65,6
2021-12-21,72.55,22.42,7
2021-12-21,63.94,21.14,6
2021-12-22,63.48,23.65,6
2021-12-21,72.02,22.53,6
2021-12-21,69.61,20.07,6
2021-12-21,68.43,23.21,7
2021-12-22,68.15,20.17,7
2021-12-21,73.69,19.13,6
2021-12-21,72.94,21,7
2021-12-22,70.52,18.27,7
2021-12-21,70.42,22.93,7
2021-12-21,71.55,20.8,7
2021-12-21,71.57,21.7,7
2021-12-21,67.3,19.52,7
2021-12-21,65.35,18.68,6
2021-12-22,61.03,21.59,7
2021-12-22,73.58,18.23,7
2021-12-21,61.08,18.24,7
2021-12-21,80.08,21.26,6
2021-12-22,70.88,19.84,7
2021-12-21,60.44,23.18,6
2021-12-22,72.88,18.26,7
2021-12-22,67.43,23.78,6
2021-12-21,62.42,22.23,7
2021-12-21,62.98,20.44,6
2021-12-21,72.43,19.72,7
2021-12-21,65.73,22.13,6
2021-12-21,71.1,23.34,6
2021-12-22,75.74,19.71,7
2021-12-20,80.79,22.32,6
2021-12-21,76.98,19.53,7
2021-12-21,63.74,18.07,6
2021-12-21,78.45,20.09,6
2021-12-21,73.25,20.76,7
2021-12-22,79.23,20.01,7
2021-12-22,67.19,19.92,7
2021-12-22,78.63,20.83,7
2021-12-20,66.57,23.23,6
2021-12-22,66.85,18.01,7
2021-12-21,73.72,18.73,7
2021-12-22,65.65,23.1,7
2021-12-22,80.48,21.82,6
2021-12-22,64.16,23.35,7
2021-12-22,71.43,23.37,7
2021-12-21,78.22,18.28,7
2021-12-21,80.46,22.74,7
2021-12-21,69.31,19.63,7
2021-12-22,72.95,19.18,7
2021-12-21,78.57,18.01,7
2021-12-21,62.12,19.61,7
2021-12-20,75.19,21.87,6
2021-12-22,77.7,18.88,6
2021-12-21,76.89,20.32,7
2021-12-22,62.65,23.06,6
2021-12-21,69.44,19.04,6
2021-12-22,67.8,23.24,7
2021-12-22,78.97,18.72,6
2021-12-21,66.17,18.2,7
2021-12-21,69.67,22,6
2021-12-22,78.24,19.29,6
2021-12-21,80.89,19.32,7
2021-12-22,76.4,18.83,6
2021-12-22,75.33,23.31,7
2021-12-22,77.09,23.82,7
2021-12-22,73.83,19.62,6
2021-12-21,64.42,20.44,6
2021-12-22,68.09,22.1,7
2021-12-21,64.26,23.53,6
2021-12-20,60.44,19.14,7
2021-12-22,75.7,23.37,7
2021-12-22,60.1,23.35,7
2021-12-20,60.13,21.99,7
2021-12-22,73.76,22.31,6
2021-12-22,65.79,19.31,6
2021-12-20,80.18,22.84,6
2021-12-22,70.37,19.03,6
2021-12-21,69.4,23.72,6
2021-12-22,71.16,23.68,7
2021-12-20,69.16,20.28,6
2021-12-21,64.82,18.16,6
2021-12-22,61.4,18.12,6
2021-12-21,79.91,19.42,6
2021-12-22,74.25,21.15,7
2021-12-21,72.63,18.11,7
2021-12-22,76.88,19.54,7
2021-12-21,69.42,20.14,6
2021-12-22,72.07,21.55,7
2021-12-22,70.69,20.11,7
2021-12-22,74.65,23.89,6
2021-12-21,76.38,19.53,7
2021-12-21,80.63,22.29,6
2021-12-22,69.49,22.25,7
2021-12-21,60.84,19.65,7
2021-12-21,61.71,18.31,6
2021-12-22,69.7,23.47,7
2021-12-20,69.99,21.2,6
2021-12-21,66.77,18.93,6
2021-12-20,68.64,20.34,7
2021-12-20,70.68,20.14,7
2021-12-22,68.03,20.06,6
2021-12-22,75.35,23.07,7
2021-12-21,79.71,19.58,6
2021-12-22,70.81,21.12,7
2021-12-21,61.55,21.74,6
2021-12-21,73.43,19.95,7
2021-12-21,65.13,22.52,7
2021-12-22,79.4,21.86,7
2021-12-21,69.1,22.37,6
2021-12-21,69.97,19.38,7
2021-12-22,74.69,18.1,7
2021-12-22,60.03,21.93,6
2021-12-20,76.63,20.67,7
2021-12-21,67.53,19.8,6
2021-12-21,63.73,20.93,6
2021-12-21,71.96,21,7
2021-12-21,75.71,18.88,6
2021-12-20,66.58,20.95,6
2021-12-20,62.97,22.75,7
2021-12-22,63.84,19.54,7
2021-12-20,79.22,22.22,6
2021-12-22,77.34,18.96,7
2021-12-22,69.02,20.01,7
2021-12-22,61.5,22.32,7
2021-12-21,66.52,20.29,7
2021-12-22,77.83,20.38,7
2021-12-22,70.6,22.67,6
2021-12-21,75.38,20.23,6
2021-12-22,72.63,21.29,7
2021-12-21,64.19,18.62,6
2021-12-22,61.81,19.52,6
2021-12-20,77.13,18.11,6
2021-12-21,68.97,22.93,6
2021-12-21,77.73,21.37,6
2021-12-22,73.87,20.53,6
2021-12-20,65.32,20.23,6
2021-12-22,68.02,19.35,6
2021-12-21,68.21,21.1,6
2021-12-21,65.37,21.85,7
2021-12-21,79.39,19.16,7
2021-12-21,68.19,19.66,6
2021-12-22,70.68,22.78,7
2021-12-21,77.4,23.5,7
2021-12-20,79.19,23.5,6
2021-12-22,77.39,18.74,6
2021-12-21,74.24,20.94,7
2021-12-22,70.78,22.16,6
2021-12-21,60.43,18.57,7
2021-12-22,65.99,19.2,7
2021-12-21,69.21,19.9,7
2021-12-21,78.71,20.08,7
2021-12-20,67.87,21.62,6
2021-12-21,70.33,23.14,7
2021-12-21,63.12,20.65,6
2021-12-22,60.05,21.25,6
2021-12-22,78.16,20.59,7
2021-12-21,69.01,18.25,7
2021-12-22,65.78,23.33,6
2021-12-22,76.52,19.86,6
2021-12-21,70.84,18.24,6
2021-12-22,67.1,21.85,6
2021-12-22,61.01,19.26,6
2021-12-22,71.29,19.12,7
2021-12-21,62.01,23.59,7
2021-12-21,70.28,18.97,6
2021-12-22,70.24,20.56,6
2021-12-22,78.49,21.66,6
2021-12-20,70.15,19.36,7
2021-12-21,67.83,19.69,6
2021-12-21,67.23,23.89,6
2021-12-21,76.21,18.48,6
2021-12-21,77.19,21.03,6
2021-12-22,68.33,18.65,6
2021-12-22,67.63,20.65,7
2021-12-22,61.42,22.56,6
2021-12-21,80.65,18.27,7
2021-12-20,64.01,19.71,6
2021-12-22,66.96,23.06,7
2021-12-22,64.25,21.74,6
2021-12-21,61.55,21.12,6
2021-12-20,68.92,19.32,7
2021-12-20,75.6,21.93,7
2021-12-22,75.29,22.66,7
2021-12-21,79.46,20.35,6
2021-12-20,72.19,19.39,6
2021-12-21,76.93,21.75,6
2021-12-21,63.5,22.22,6
2021-12-22,76.9,21.99,6
2021-12-21,64.52,19.46,6
2021-12-21,62.19,22.39,6
2021-12-22,73.14,21.8,7
2021-12-20,76.78,20.73,6
2021-12-22,64.35,20.18,7
2021-12-21,77.47,23.86,6
2021-12-22,72.85,21.35,7
2021-12-22,70.83,19.52,7
2021-12-21,74.25,23.35,6
2021-12-20,75.34,22.84,7
2021-12-22,66.91,23.04,7
2021-12-22,67.64,22.79,6
2021-12-22,80.16,22.37,6
2021-12-21,69.45,19.68,7
2021-12-21,69.81,22.13,7
2021-12-21,63.51,21.63,7
2021-12-21,75.23,23.69,7
2021-12-21,73.16,22.71,7
2021-12-21,79.31,21.91,7
2021-12-21,74.52,21.84,6
2021-12-22,66.48,20.6,7
2021-12-21,65.17,20.63,7
2021-12-20,79.78,22.93,7
2021-12-22,68.06,21.01,7
2021-12-22,74.86,20.68,6
2021-12-21,80.85,23.78,7
2021-12-21,75.46,21.14,6
2021-12-22,79.31,19.37,6
2021-12-21,62.69,23.99,6
2021-12-21,69.59,23.09,7
2021-12-22,78.75,20.19,7
2021-12-22,69.91,19.15,7
2021-12-21,80.32,20.55,6
2021-12-20,65.85,23.99,6
2021-12-20,66.38,21.65,6
2021-12-21,64.22,20.93,6
2021-12-22,73.3,23.9,7
2021-12-21,79.63,18.25,7
2021-12-22,65.57,19.58,6
2021-12-21,80.33,18.67,6
2021-12-22,67.09,22.92,6
2021-12-20,69.87,22.42,6
2021-12-20,66.87,18.1,6
2021-12-20,67.08,23.8,6
2021-12-21,75.93,23.44,6
2021-12-21,78.93,20.3,6
2021-12-21,76.04,22.51,7
2021-12-21,64.8,20.88,7
2021-12-21,72.81,20.7,6
2021-12-22,72.32,22.68,7
2021-12-21,63.72,22.32,6
2021-12-22,62.97,19.36,7
2021-12-20,69.89,20.79,6
2021-12-22,75.97,20.92,6
2021-12-22,69.91,23.11,6
2021-12-22,75.02,22.48,7
2021-12-22,69.59,19.24,7
2021-12-20,66.71,19.92,7
2021-12-22,75.76,22.52,7
2021-12-21,68.55,22.69,6
2021-12-20,67.07,18.06,7
2021-12-21,74.77,18.01,6
2021-12-21,77.23,23.25,7
2021-12-21,60.2,20.19,7
2021-12-22,62.05,23.15,6
2021-12-22,67.66,19.54,6
2021-12-21,60.37,19.85,7
2021-12-21,80.1,18.49,7
2021-12-22,76.32,20.43,7
2021-12-21,75,23.51,6
2021-12-22,78.62,22.86,6
2021-12-21,70.44,23.57,6
2021-12-22,72.41,22.61,6
2021-12-21,76.34,22.14,6
2021-12-21,60.06,22.55,6
2021-12-21,79.23,21.77,7
2021-12-20,78.13,20.33,6
2021-12-22,78.19,20.21,7
2021-12-20,71.28,22,7
2021-12-22,60.44,19.75,7
2021-12-21,76.71,19.62,6
2021-12-22,71.17,20.41,6
2021-12-22,72.34,23.63,7
2021-12-20,71.61,21.28,7
2021-12-22,64.33,19.79,6
2021-12-22,72.46,18.68,6
2021-12-22,75.29,19.35,7
2021-12-21,62.79,19.67,6
2021-12-20,66.24,22.34,6
2021-12-22,70.26,21.59,7
2021-12-21,76.91,18.41,6
2021-12-22,60.75,19.2,6
2021-12-22,78.44,18.85,6
2021-12-22,62.13,19.33,6
2021-12-22,77.59,21.76,6
2021-12-22,73.34,23.49,6
2021-12-20,72.4,18.39,6
2021-12-20,63.4,23.91,6
2021-12-22,73.06,23.44,6
2021-12-22,76.53,18.44,6
2021-12-21,69.78,23.77,7
2021-12-21,60.13,21.74,6
2021-12-20,64.67,21.27,6
2021-12-20,65.16,23.69,6
2021-12-22,77.22,23.69,6
2021-12-21,77.02,21.69,7
2021-12-21,78.21,20.44,6
2021-12-21,69.51,22.45,7
2021-12-22,70.47,20.71,7
2021-12-20,60.06,20.44,7
2021-12-22,78.86,18.63,6
2021-12-22,70.02,18.95,7
2021-12-22,79.28,20.86,7
2021-12-21,62.68,23.74,7
2021-12-22,70.7,21.44,6
2021-12-21,60.99,22.32,7
2021-12-21,65.3,19.28,6
2021-12-22,60.58,20.06,6
2021-12-20,68.11,18.46,6
2021-12-21,62.81,21.71,7
2021-12-20,70.63,20.79,6
2021-12-21,65.11,21.76,6
2021-12-21,68.13,19.01,6
2021-12-20,70.66,22.63,7
2021-12-20,64.65,20.74,6
2021-12-21,79.02,21.17,6
2021-12-20,64.25,19.74,7
2021-12-21,64.23,21.67,6
2021-12-21,76.89,23.09,7
2021-12-22,60.55,19.64,6
2021-12-21,73.79,21.39,6
2021-12-21,71.95,18.84,6
2021-12-21,63.11,19.24,6
2021-12-21,66.17,18.27,6
2021-12-22,80.66,23.71,6
2021-12-21,77.66,21.48,7
2021-12-21,73.17,23.84,6
2021-12-21,80.38,18.2,7
2021-12-22,61.52,22.92,7
2021-12-22,79.88,18.37,7
2021-12-22,75.31,23.13,7
2021-12-21,78.14,20.02,7
2021-12-21,73.2,20.08,6
2021-12-21,70.06,20.74,6
2021-12-21,64.16,22.4,6
2021-12-22,62.23,23.44,6
2021-12-21,72.51,18.13,7
2021-12-22,60.96,18.97,6
2021-12-22,78.49,22.06,6
2021-12-22,75.81,20.12,6
2021-12-21,76.41,21.54,7
2021-12-22,70.65,20.32,7
2021-12-22,71.54,21.77,6
2021-12-21,80.33,19.58,6
2021-12-22,67.56,21.66,7
2021-12-22,71.85,18.95,7
2021-12-21,73.8,21.87,6
2021-12-22,62.93,20.97,6
2021-12-22,74.5,21.02,7
2021-12-22,63.86,18.1,7
2021-12-22,72.95,20.34,6
2021-12-20,76.26,20.64,6
2021-12-22,77.66,23.27,6
2021-12-22,78.51,23.51,6
2021-12-22,76.08,19.63,6
2021-12-22,73.26,19.67,6